run_id,geometry,subdivisions,frequency_hz,mode,aca_tolerance,near_rings,cache_policy,cache_capacity,build_passes,replicate,suites,solution_dofs,mesh_nodes,mesh_elements,characteristic_kh,return_code,converged,operator_build_seconds,operator_build_pass1_seconds,operator_build_pass2_seconds,assembly_equivalent_seconds,gmres_seconds,internal_total_seconds,external_wall_seconds,peak_rss_gib,average_effective_cores,hmatrix_gib,cache_estimated_gib,cache_hit_rate,cache_evictions,base_evaluations,entry_requests,near_correction_entries,near_correction_seconds,gmres_iterations,gmres_relative_residual,radiation_efficiency,theory_efficiency,efficiency_error_percent,sound_power_w,theory_power_w,power_error_percent,surface_pressure_rms_pa,surface_pressure_relative_l2_error,online_energy_balance_error_percent,V_mean_rank,V_max_rank,V_bytes,V_entry_queries,K_mean_rank,K_max_rank,K_bytes,K_entry_queries,W_mean_rank,W_max_rank,W_bytes,W_entry_queries,field1_abs_pa,field1_phase_deg,field1_theory_abs_pa,field1_theory_phase_deg,field1_amplitude_error_percent,field1_phase_error_deg
cube_n28_f3000_independent_tol1em04_near1_full_pass1_rep1_16870e260148,cube,28,3000,independent,0.0001,1,full,0,1,1,geometry,14118,4706,4704,0.22663049115799164,0,True,20.8969604,20.8969604,,21.2951988,8.6249035,30.1164411,32.21054520000001,1.025543212890625,12.222835784058674,0.3107840567827225,0.6439210176467896,0.05731361299915393,0,19726924,20926285,117506,0.3587049,197,1.64317908470323e-11,1.1222923884952927,,,16.021713517328834,,,436.0070253016656,,130.4583982818939,10.344972067039107,22,104697680,6543605,10.466992665036674,22,107750960,6735731,12.63758865248227,27,121253200,7642243,25.476923363624287,91.38559298555958,,,,
cube_n28_f3000_joint_tol1em04_near1_full_pass1_rep1_c9ec59bc8ddc,cube,28,3000,joint,0.0001,1,full,0,1,1,geometry,14118,4706,4704,0.22663049115799164,2,False,7.4124295,7.4124295,,7.8383069999999995,19.3118992,27.2805773,30.141230300000018,1.1165313720703125,8.827207629095987,0.3637142479419708,0.6871876418590546,0.10529084165347365,0,7588142,8481127,117506,0.3849507,400,0.0003634668699430161,1535.5382578963645,,,21921.162715804112,,,394306910.06444246,,702343097.9137448,13.815188926300037,44,130178400,8476421,13.815188926300037,44,130178400,0,13.815188926300037,44,130178400,0,174927.55304128616,-50.729241236935565,,,,
cube_n28_f3000_shared_tol1em04_near1_full_pass1_rep1_bb1f1baaf195,cube,28,3000,shared,0.0001,1,full,0,1,1,geometry,14118,4706,4704,0.22663049115799164,0,True,9.6117229,9.6117229,,10.0537263,7.9069352,18.0909814,21.02465920000003,1.2184906005859375,11.208009132043404,0.3107840567827225,0.8771359622478485,0.5358622899382284,0,9712678,20926285,117506,0.3972902,197,1.64317952571845e-11,1.122292388495293,,,16.021713517328838,,,436.0070253016656,,130.4583982818938,10.344972067039107,22,104697680,6543605,10.466992665036674,22,107750960,6735731,12.63758865248227,27,121253200,7642243,25.476923363624287,91.38559298555958,,,,
near_gap_n28_f3000_independent_tol1em04_near1_full_pass1_rep1_02870f47c29e,near_gap,28,3000,independent,0.0001,1,full,0,1,1,geometry,14118,4706,4704,0.28075284538349116,0,True,21.7368311,21.7368311,,22.129400699999998,9.5131307,31.8553565,33.922217699999976,1.0717887878417969,12.535113364542783,0.3327362388372421,0.6723573505878448,0.05517721050671173,0,21101915,22334257,117506,0.3527314,219,3.628690414412157e-08,1.0810649135257442,,,22.415138397651205,,,533.4151851016311,,158.61970985731236,9.938066465256798,18,112597472,7037342,10.708459214501511,19,118004208,7375263,12.002416918429002,22,126671136,7916946,30.165220569271902,152.6270591894389,,,,
near_gap_n28_f3000_joint_tol1em04_near1_full_pass1_rep1_f83719b0506b,near_gap,28,3000,joint,0.0001,1,full,0,1,1,geometry,14118,4706,4704,0.28075284538349116,0,True,7.330808,7.330808,,7.7388961,9.8621258,17.7324882,20.432585399999994,1.11309814453125,10.022596007767097,0.3619474768638611,0.685577780008316,0.06573134519927827,0,7570136,8102740,117506,0.3685632,218,4.3983750235841824e-08,1.081063679107924,,,22.415112802845627,,,533.4118522382279,,158.6176808582024,12.374735569658506,22,129546048,8098034,12.374735569658506,22,129546048,0,12.374735569658506,22,129546048,0,30.16519363843346,152.626828202418,,,,
near_gap_n28_f3000_shared_tol1em04_near1_full_pass1_rep1_9c038df4b95d,near_gap,28,3000,shared,0.0001,1,full,0,1,1,geometry,14118,4706,4704,0.28075284538349116,0,True,9.9255964,9.9255964,,10.355645399999998,9.0560424,19.5682369,22.5841087,1.2708091735839844,11.234936697705479,0.3327362388372421,0.9137281775474548,0.5467968779977771,0,10121955,22334257,117506,0.3814812,219,3.628690448125098e-08,1.0810649135257429,,,22.415138397651177,,,533.4151851016328,,158.61970985731182,9.938066465256798,18,112597472,7037342,10.708459214501511,19,118004208,7375263,12.002416918429002,22,126671136,7916946,30.165220569271888,152.62705918943882,,,,
nonconvex_n28_f3000_independent_tol1em04_near1_full_pass1_rep1_5bd142562826,nonconvex,28,3000,independent,0.0001,1,full,0,1,1,geometry,14118,4706,4704,0.26106897729604117,0,True,19.8720828,19.8720828,,20.2727686,8.338428,28.7703515,30.827477500000043,1.0012283325195312,12.63159143850155,0.3069807142019272,0.6188018620014191,0.05103792697921991,0,19554154,20605833,117506,0.3583264,211,2.1142657148382224e-10,1.0315941937616295,,,20.83212592518782,,,407.33358928392744,,26.85597790266632,9.797799174690509,17,104219248,6513703,10.761004126547455,18,109646016,6852876,11.717331499312243,21,115752768,7234548,16.07213241598652,152.28611238341026,,,,
nonconvex_n28_f3000_joint_tol1em04_near1_full_pass1_rep1_ced8700eae20,nonconvex,28,3000,joint,0.0001,1,full,0,1,1,geometry,14118,4706,4704,0.26106897729604117,0,True,6.4417502,6.4417502,,6.828102100000001,8.7126423,15.6787813,17.9873379,1.0393753051757812,10.31538287774643,0.33238787949085236,0.6337922811508179,0.060371793539788526,0,6990925,7440097,117506,0.3454187,211,1.9327482209504716e-10,1.031595357569582,,,20.832149427252844,,,407.3339082997431,,26.856238886338407,12.176066024759285,21,118966256,7435391,12.176066024759285,21,118966256,0,12.176066024759285,21,118966256,0,16.07206929569697,152.28594986916744,,,,
nonconvex_n28_f3000_shared_tol1em04_near1_full_pass1_rep1_11665b7947eb,nonconvex,28,3000,shared,0.0001,1,full,0,1,1,geometry,14118,4706,4704,0.26106897729604117,0,True,9.2346602,9.2346602,,9.6034387,8.1771894,17.9254126,20.709023400000035,1.19024658203125,11.34895398583595,0.3069807142019272,0.8489319086074829,0.5439533553436059,0,9397221,20605833,117506,0.3306273,211,2.1142656293352466e-10,1.031594193761629,,,20.832125925187814,,,407.3335892839275,,26.855977902666314,9.797799174690509,17,104219248,6513703,10.761004126547455,18,109646016,6852876,11.717331499312243,21,115752768,7234548,16.07213241598651,152.28611238341026,,,,
sphere_n24_f1000_shared_tol1em04_near1_full_pass1_rep1_8c260c5f0a24,sphere,24,1000,shared,0.0001,1,full,0,1,1,frequency_sweep_100_3000,10374,3458,3456,0.11040173699203774,0,True,4.9686639,4.9686639,,5.2514546,1.9361488,7.281056,8.459836100000018,0.6832122802734375,12.877954608245911,0.1846151202917099,0.46790212392807007,0.5835091415001764,0,5161475,12392769,86306,0.2551092,105,1.230323386436184e-08,0.7694079587309598,0.7704110399167627,-0.13020078034075433,20.063931343166058,20.090088795549015,-0.13020078034076443,364.26269679913025,0.0005065324048495996,0.004677773233146758,8.844559585492227,13,64554208,4034638,8.650259067357513,13,63950720,3996920,10.493091537132988,17,69724048,4357753,18.2028575830581,-165.6054897840861,18.21422694474954,-165.53890567598796,-0.06242022637538838,-0.06658410809814086
sphere_n24_f100_shared_tol1em04_near1_full_pass1_rep1_00ec0f211563,sphere,24,100,shared,0.0001,1,full,0,1,1,frequency_sweep_100_3000,10374,3458,3456,0.011040173699203775,0,True,3.5186662,3.5186662,,3.7987873,6.4852601,10.3744318,11.533080100000006,0.6418075561523438,10.283711426481815,0.17870236933231354,0.4256550073623657,0.6091230130516321,0,4688949,11995971,86306,0.2523241,338,1.2708688002282844e-08,0.03218582861319474,0.03246664718655947,-0.8649447901136708,0.8393131994412574,0.8466361345785142,-0.8649447901136905,74.7369451723974,0.001433017425759877,0.665729932267033,8.078583765112263,12,61851776,3865736,8.018134715025907,12,61626976,3851686,10.146804835924007,17,68401456,4275091,3.7352758161954154,-119.7984446214786,3.7391097738768178,-119.79744743032941,-0.10253664410144395,-0.00099719114916752
sphere_n24_f1100_shared_tol1em04_near1_full_pass1_rep1_17c66594b8f0,sphere,24,1100,shared,0.0001,1,full,0,1,1,frequency_sweep_100_3000,10374,3458,3456,0.12144191069124154,0,True,5.0556714,5.0556714,,5.333201999999999,1.9820721,7.4072957,8.60816460000001,0.6866607666015625,13.10498418991669,0.18580974638462067,0.4715539515018463,0.5829114533471221,0,5202320,12472939,86306,0.249528,106,8.439112886916837e-09,0.801382513633984,0.8023827992716603,-0.12466439193166536,20.897735136098877,20.923819688682656,-0.12466439193168649,371.75130555785773,0.0005006402141853094,-0.005552696641373115,8.974093264248705,13,65024432,4064027,8.782383419689118,13,64377616,4023601,10.601036269430052,17,70109648,4381853,18.576286264646065,-7.26708670152911,18.588326824812405,-7.191994036055815,-0.06477484649273811,-0.0750926654733064
sphere_n24_f1200_shared_tol1em04_near1_full_pass1_rep1_ab503c3abd38,sphere,24,1200,shared,0.0001,1,full,0,1,1,frequency_sweep_100_3000,10374,3458,3456,0.1324820843904453,0,True,5.0223915,5.0223915,,5.3022155,2.0071498,7.3987372,8.69946950000002,0.6928215026855469,13.402554568861861,0.18715928494930267,0.4753674268722534,0.5825231095940185,0,5244973,12563505,86306,0.2519083,108,7.516077932923629e-09,0.8275355556448786,0.8285345464153728,-0.12057321868066422,21.579730732020455,21.605781518218084,-0.12057321868067221,377.7654412449227,0.0005038782085504765,-0.01781420454252727,9.088082901554404,13,65520640,4095040,8.930051813471502,13,64906864,4056679,10.716753022452504,17,70533248,4408328,18.875840023618174,151.37567708968737,18.888819014980974,151.45872136990928,-0.06871256139680526,-0.08304428022191246
sphere_n24_f1300_shared_tol1em04_near1_full_pass1_rep1_3109daa1da07,sphere,24,1300,shared,0.0001,1,full,0,1,1,frequency_sweep_100_3000,10374,3458,3456,0.14352225808964908,0,True,5.2066222,5.2066222,,5.4949921999999995,1.9993502,7.5888645,8.778695400000004,0.6984710693359375,13.494361969900492,0.1884009689092636,0.4781959056854248,0.582772303548248,0,5276609,12646833,86306,0.2605745,108,4.432570345757624e-09,0.8490978551113019,0.8500970123644872,-0.11753449766941848,22.14201305726266,22.16806818484674,-0.11753449766944507,382.6523261809905,0.0005162334332546279,-0.03262732828534823,9.20293609671848,13,65895872,4118492,9.102763385146805,14,65553520,4097095,10.808290155440414,18,70844608,4427788,19.118790926346822,-49.730993628418084,19.133029434408552,-49.64111142552098,-0.07441847152612381,-0.08988220289711535
sphere_n24_f1400_shared_tol1em04_near1_full_pass1_rep1_7d682cf70f11,sphere,24,1400,shared,0.0001,1,full,0,1,1,frequency_sweep_100_3000,10374,3458,3456,0.15456243178885284,0,True,5.2503315,5.2503315,,5.5337514,2.0387027,7.6653761,9.042672100000004,0.7079734802246094,12.665653301649632,0.18949994444847107,0.48130378127098083,0.5824586355469215,0,5311370,12720584,86306,0.2553086,108,3.1537370831907133e-09,0.8670170637887868,0.8680215722071402,-0.11572390024813817,22.609294125191724,22.6354887956663,-0.11572390024814745,386.6652707561623,0.0005359301988444508,-0.05048153461622422,9.31433506044905,14,66319296,4144956,9.253022452504318,13,66125520,4132845,10.865284974093264,17,71029200,4439325,19.317907499612975,109.37025402330181,19.33369014128904,109.46554826163313,-0.08163284691503095,-0.09529423833132
sphere_n24_f1500_shared_tol1em04_near1_full_pass1_rep1_04663d5e99e7,sphere,24,1500,shared,0.0001,1,full,0,1,1,frequency_sweep_100_3000,10374,3458,3456,0.16560260548805664,0,True,5.4589218,5.4589218,,5.7582667999999995,4.2036309,10.057859,11.440218500000015,0.7300567626953125,10.001399122368085,0.19078849256038666,0.48488667607307434,0.5821488106127739,0,5351444,12807057,86306,0.2713987,107,2.171039923521852e-09,0.8820338295780916,0.8830426153420795,-0.11423975994602414,23.000887888128574,23.027194099390023,-0.11423975994602834,389.9963001447591,0.0005598539592043894,-0.06994157744904239,9.46286701208981,15,66891584,4180724,9.369602763385148,13,66580320,4161270,10.971502590673575,17,71385680,4461605,19.482738425167145,-91.3540245979948,19.500256599796252,-91.25546221215777,-0.08983561082621698,-0.09856238583702748
sphere_n24_f1600_shared_tol1em04_near1_full_pass1_rep1_d6f709bcd102,sphere,24,1600,shared,0.0001,1,full,0,1,1,frequency_sweep_100_3000,10374,3458,3456,0.1766427791872604,0,True,5.8071964,5.8071964,,6.107454499999999,2.1524132,8.3509008,9.620647599999984,0.7487220764160156,12.381531618110657,0.1919432282447815,0.4887140095233917,0.5813395112751318,0,5394252,12884550,86306,0.2718107,107,1.3282833481394792e-09,0.8947091537431916,0.8957286484778745,-0.11381736382054129,23.33142363436702,23.358009104570808,-0.1138173638205552,392.78494817287213,0.0005903680116804166,-0.09023448774067348,9.56908462867012,14,67278992,4204937,9.494818652849741,13,67064448,4191528,11.085492227979275,18,71754032,4484627,19.620494477780884,68.06956343426576,19.639830124877218,68.16849233421296,-0.09845119317932294,-0.09892889994719667
sphere_n24_f1700_shared_tol1em04_near1_full_pass1_rep1_580be9955bd3,sphere,24,1700,shared,0.0001,1,full,0,1,1,frequency_sweep_100_3000,10374,3458,3456,0.18768295288646417,0,True,5.9599666,5.9599666,,6.2631013,2.0741213,8.4360354,9.877876800000024,0.7527961730957031,11.946599391308487,0.19326893985271454,0.4914714992046356,0.581833206832041,0,5425094,12973517,86306,0.2746655,104,1.0678730233525458e-09,0.9054882582678404,0.9065220786394825,-0.11404249229028074,23.61251146387177,23.63947050520013,-0.1140424922903013,395.1397201038588,0.0006253719900965004,-0.10765377345721594,9.671848013816925,15,67702592,4231412,9.618307426597582,14,67548928,4221808,11.240932642487047,18,72269424,4516839,19.736911329490784,-132.38061624679685,19.757804673680347,-132.28467811719227,-0.1057472959908114,-0.09593812960457626
sphere_n24_f1800_shared_tol1em04_near1_full_pass1_rep1_d780dad30581,sphere,24,1800,shared,0.0001,1,full,0,1,1,frequency_sweep_100_3000,10374,3458,3456,0.19872312658566793,0,True,5.8441921,5.8441921,,6.1262051,1.9854165,8.2031582,9.602021199999967,0.7551956176757812,12.290058140404964,0.19410939514636993,0.4935632646083832,0.5818477459453125,0,5448490,13029919,86306,0.2541783,102,1.1269401581688785e-09,0.9147167168208911,0.9157694485697974,-0.11495598052003184,23.853162937138382,23.88061513241807,-0.11495598052004552,397.14430413106743,0.0006657456369593564,-0.11720016981694485,9.770293609671848,15,68053776,4253361,9.72538860103627,14,67988096,4249256,11.27461139896373,18,72381504,4523844,19.836702559668424,27.27792753919306,19.85832298832183,27.36705382720495,-0.10887338606649181,-0.08912628801189726
sphere_n24_f1900_shared_tol1em04_near1_full_pass1_rep1_16d350d8d39d,sphere,24,1900,shared,0.0001,1,full,0,1,1,frequency_sweep_100_3000,10374,3458,3456,0.20976330028487175,0,True,5.8108759,5.8108759,,6.142335200000001,2.0005932,8.2345187,9.686289799999997,0.7577972412109375,12.547305554103987,0.1950916349887848,0.4957618713378906,0.5820747144359474,0,5473081,13095836,86306,0.3038233,104,8.954093668818578e-10,0.9226701645055648,0.9237441765776149,-0.11626726308891702,24.060565819414204,24.088572943893247,-0.11626726308891992,398.86376513081314,0.0007025510259384761,-0.11147837795434594,9.8860103626943,15,68477392,4279837,9.818652849740932,14,68370016,4273126,11.343696027633852,18,72630640,4539415,19.923856627911245,-172.96997065705776,19.944600953168727,-172.89104813945832,-0.10400972827779814,-0.07892251759943747
sphere_n24_f2000_shared_tol1em04_near1_full_pass1_rep1_81c57e899a55,sphere,24,2000,shared,0.0001,1,full,0,1,1,frequency_sweep_100_3000,10374,3458,3456,0.2208034739840755,0,True,6.0005907,6.0005907,,6.2941497,2.0309117,8.4194309,9.851887300000044,0.760894775390625,11.995377731949823,0.19615286588668823,0.49886947870254517,0.5816954194917101,0,5507839,13167054,86306,0.2655291,106,6.032098870520012e-10,0.9295741955049377,0.9306636072483621,-0.11705752056270485,24.240602953668677,24.269011656979416,-0.11705752056272292,400.3515602247171,0.0007381931716031466,-0.08519250460972169,10.012953367875648,15,68916608,4307288,9.941278065630398,15,68805856,4300366,11.421416234887737,19,72895072,4555942,20.0015290627969,-13.138794550380481,20.019160454410684,-13.071157745252751,-0.08807258253379105,-0.06763680512773362
sphere_n24_f200_shared_tol1em04_near1_full_pass1_rep1_bf3e28340032,sphere,24,200,shared,0.0001,1,full,0,1,1,frequency_sweep_100_3000,10374,3458,3456,0.02208034739840755,0,True,3.6529085,3.6529085,,3.931397,3.3425966,7.3694111,8.667777000000001,0.6500892639160156,11.34193904342487,0.17862649261951447,0.4333363175392151,0.6017920787958915,0,4774863,11990879,86306,0.2485412,179,1.1541030355970583e-08,0.11789101510524139,0.11834025484060545,-0.3796170085734175,3.0742562592529854,3.085971130544197,-0.37961700857343283,142.69574162844322,0.000995754250958768,0.18773276076973233,8.090673575129534,12,61848272,3865517,7.988773747841106,12,61585424,3849089,10.137305699481866,17,68365040,4272815,7.1317672690251,31.04167324840661,7.1386443336210945,31.04503938755502,-0.09633572250693946,-0.003366139148397451
sphere_n24_f2100_shared_tol1em04_near1_full_pass1_rep1_d4636dba2690,sphere,24,2100,shared,0.0001,1,full,0,1,1,frequency_sweep_100_3000,10374,3458,3456,0.23184364768327925,0,True,6.1666381,6.1666381,,6.4616346,2.3485532,8.9060712,10.286227399999973,0.7646713256835938,12.028470849322307,0.197153240442276,0.5019864737987518,0.5811830691841464,0,5542702,13234188,86306,0.2672158,106,4.334709132457363e-10,0.9356020650474584,0.936701812498396,-0.11740635453713756,24.39779233450921,24.426470563139482,-0.11740635453715417,401.64724464143427,0.0007618494214399408,-0.03515592276170379,10.109671848013816,15,69278160,4329885,10.026770293609673,15,69130832,4320677,11.530224525043177,18,73282688,4580168,20.0718085617058,146.7589150066991,20.083998255807316,146.81659569647314,-0.06069356283672496,-0.05768068977403118
sphere_n24_f2200_shared_tol1em04_near1_full_pass1_rep1_c43205ae1965,sphere,24,2200,shared,0.0001,1,full,0,1,1,frequency_sweep_100_3000,10374,3458,3456,0.24288382138248307,0,True,5.7286488,5.7286488,,6.009781200000001,2.0741231,8.175586,9.68945450000001,0.7672958374023438,12.960733605416035,0.1983722448348999,0.5046643912792206,0.5815067204145631,0,5572654,13315994,86306,0.2528051,107,3.1141195495685404e-10,0.9408982742330706,0.941999238760756,-0.11687530970128465,24.53590213214431,24.564612098611484,-0.11687530970128772,402.7839765588468,0.0007779504468947912,0.03477392619738526,10.219343696027634,15,69658608,4353663,10.152849740932643,16,69585664,4349104,11.653713298791018,18,73756304,4609769,20.13599394983217,-53.288458083876975,20.14070973950677,-53.23627389771939,-0.02341421794760279,-0.05218418615757514
sphere_n24_f2300_shared_tol1em04_near1_full_pass1_rep1_e740f7e0ad8f,sphere,24,2300,shared,0.0001,1,full,0,1,1,frequency_sweep_100_3000,10374,3458,3456,0.25392399508168684,0,True,5.6998022,5.6998022,,5.977288,2.0327632,8.1028135,9.532553399999983,0.7721977233886719,12.97785815480461,0.19957008957862854,0.5081674456596375,0.5810931759176733,0,5611835,13396380,86306,0.2504516,107,3.154414263486617e-10,0.9455764217384839,0.9466700160210992,-0.11552011409548829,24.65789467107857,24.686412442898693,-0.11552011409550403,403.78693948669,0.0007795353732998881,0.11827244144557623,10.364421416234888,16,70192752,4387047,10.285837651122625,16,70092208,4380763,11.708981001727116,18,74001792,4625112,20.19470081298986,106.71003826429731,20.190580504572257,106.7630778071766,0.020407082484189227,-0.053039542879275814
sphere_n24_f2400_shared_tol1em04_near1_full_pass1_rep1_533a252e84ad,sphere,24,2400,shared,0.0001,1,full,0,1,1,frequency_sweep_100_3000,10374,3458,3456,0.2649641687808906,0,True,5.7087548,5.7087548,,5.9964542000000005,2.083393,8.172192,9.636900400000002,0.7768516540527344,12.880810819669815,0.20069244503974915,0.511483371257782,0.5806822450024867,0,5648923,13471700,86306,0.2609011,107,4.672555182472806e-10,0.9497275438771406,0.9508075296760614,-0.11358616388836527,24.766143914723617,24.79430681669942,-0.11358616388838125,404.6754667003169,0.0007683152467354931,0.20518748794773825,10.481865284974093,17,70600784,4412549,10.398100172711572,16,70441440,4402590,11.830742659758204,18,74449648,4653103,20.24772542370827,-93.25190329701957,20.234654850137975,-93.19142009827794,0.06459499144956721,-0.06048319874162189
sphere_n24_f2500_shared_tol1em04_near1_full_pass1_rep1_35c82e377706,sphere,24,2500,shared,0.0001,1,full,0,1,1,frequency_sweep_100_3000,10374,3458,3456,0.2760043424800944,0,True,5.7453883,5.7453883,,6.028000400000001,2.0997215,8.2240948,9.67555470000002,0.7784080505371094,12.920191782751184,0.2016678899526596,0.5134821534156799,0.5810584656561298,0,5671279,13537161,86306,0.2546897,109,1.0200650734877902e-09,0.9534277232563017,0.9544886963747438,-0.1111561742398633,24.86263387714009,24.890300983470105,-0.11115617423987052,405.4666969813942,0.0007531889872289916,0.286778907069626,10.607944732297064,16,71029408,4439338,10.507772020725389,16,70832112,4427007,11.899827288428325,18,74677728,4667358,20.295259250681834,66.82154879154324,20.273787470569562,66.89505191933421,0.10590907171854884,-0.07350312779095702
sphere_n24_f2600_shared_tol1em04_near1_full_pass1_rep1_e8e8680b08b6,sphere,24,2600,shared,0.0001,1,full,0,1,1,frequency_sweep_100_3000,10374,3458,3456,0.28704451617929816,0,True,6.056924,6.056924,,6.3426386,2.0610436,8.4992964,9.888403100000005,0.781219482421875,12.762831408420281,0.20271146297454834,0.5165568590164185,0.580687318781521,0,5705669,13607194,86306,0.2577988,107,3.305696578688648e-10,0.9567282110746642,0.9577772678157015,-0.10953034450585254,24.94870104116554,24.976057402882898,-0.10953034450586138,406.16961885617275,0.0007356031120793808,0.35947032818945773,10.74006908462867,17,71468688,4466793,10.641623488773748,16,71265984,4454124,11.978411053540587,18,74925104,4682819,20.337456657809867,-133.0718381481426,20.30868283921541,-132.98195094156256,0.1416823475075113,-0.08988720658004468
sphere_n24_f2700_shared_tol1em04_near1_full_pass1_rep1_273b3e0c9c5a,sphere,24,2700,shared,0.0001,1,full,0,1,1,frequency_sweep_100_3000,10374,3458,3456,0.29808468987850195,0,True,5.7824989,5.7824989,,6.069491200000001,2.097755,8.259896,9.674852299999998,0.7852325439453125,12.853572927071975,0.20385950803756714,0.5193763971328735,0.5807435532764046,0,5737205,13684238,86306,0.2592413,107,6.281334405522024e-10,0.9596894390835681,0.9607264010905828,-0.10793520463657806,25.025921291863362,25.052962257944003,-0.107935204636595,406.79935479285064,0.0007130842906768657,0.42130355437235556,10.858376511226252,17,71904304,4494019,10.771157167530225,16,71700080,4481255,12.062176165803109,18,75288096,4705506,20.374755268114807,27.064805869435588,20.339925477977804,27.17373805262835,0.17123853366480443,-0.10893218319276343
sphere_n24_f2800_shared_tol1em04_near1_full_pass1_rep1_65443188c419,sphere,24,2800,shared,0.0001,1,full,0,1,1,frequency_sweep_100_3000,10374,3458,3456,0.3091248635777057,0,True,5.8350254,5.8350254,,6.1219049,2.1217113,8.3380481,9.6856674,0.7903900146484375,12.922368014144322,0.20500288903713226,0.5227675139904022,0.5803250483305354,0,5775134,13760969,86306,0.2573198,108,8.688927535360088e-10,0.9623518657860662,0.9633806720550288,-0.10679125072832542,25.09534966982457,25.122177957875987,-0.10679125072834228,407.36370722821283,0.000694028121321985,0.4719928219203683,10.98013816925734,16,72317536,4519846,10.881692573402418,17,72140896,4508806,12.170120898100173,18,75661744,4728859,20.40756641876001,-172.77005167336492,20.368003417766783,-172.6412030369512,0.1942409385041433,-0.12884863641372135
sphere_n24_f2900_shared_tol1em04_near1_full_pass1_rep1_c90fffa983de,sphere,24,2900,shared,0.0001,1,full,0,1,1,frequency_sweep_100_3000,10374,3458,3456,0.3201650372769095,0,True,5.8383441,5.8383441,,6.132612999999999,2.110738,8.3388473,9.867077999999992,0.7924995422363281,13.058656743576991,0.20640528202056885,0.5259677469730377,0.5805923054082249,0,5810928,13855082,86306,0.2661803,108,1.6304468266817667e-09,0.9647539470985854,0.9657776629596962,-0.105999123853577,25.157988993980485,25.18468453893705,-0.10599912385358902,407.8721598541383,0.000680871993091933,0.512692377365351,11.151986183074266,17,72919168,4557448,11.041450777202073,17,72682144,4542634,12.266839378238341,18,76024672,4751542,20.436827738918414,-12.57871683130408,20.39332652709281,-12.429666230544557,0.2133110150902127,-0.14905060075952292
sphere_n24_f3000_independent_tol1em04_near1_full_pass1_rep1_b0088f7414e3,sphere,24,3000,independent,0.0001,1,full,0,1,1,scaling,10374,3458,3456,0.3312052109761133,0,True,14.0906432,14.0906432,,14.379991400000002,3.8702738,18.3765579,19.7559578,0.6627960205078125,12.54687767953219,0.20760346949100494,0.4165915548801422,0.03466235958245031,0,13452454,13935491,86306,0.2600229,108,2.393043168808109e-09,0.9669275511956702,0.9679492225011292,-0.10555009309466715,25.214670294032363,25.241312522898603,-0.10555009309468738,408.3308504009312,0.000668152660192659,0.5453342811594798,11.31174438687392,17,73508864,4594304,11.172711571675302,17,73121424,4570089,12.33160621761658,18,76282240,4767640,20.462778725742695,147.63828379390657,20.41624094024542,147.80581983135826,0.22794492695047333,-0.16753603745169698
sphere_n24_f3000_joint_tol1em04_near1_full_pass1_rep1_c241c3491bcc,sphere,24,3000,joint,0.0001,1,full,0,1,1,scaling,10374,3458,3456,0.3312052109761133,0,True,4.35891,4.35891,,4.6568638,3.9752581,8.7818057,10.307462400000002,0.6785430908203125,10.18872052533512,0.2169504314661026,0.42313310503959656,0.04031971621047586,0,4660742,4856557,86306,0.2661,108,2.354408424091194e-09,0.9669274627803908,0.9679492225011292,-0.10555922738367486,25.21466798841793,25.241312522898603,-0.10555922738368881,408.3306023874385,0.0006652227702917907,0.545527593692898,12.743523316062177,19,77649584,4853099,12.743523316062177,19,77649584,0,12.743523316062177,19,77649584,0,20.462841468619583,147.63801721673892,20.41624094024542,147.80581983135826,0.22825224540871605,-0.16780261461934742
sphere_n24_f3000_shared_tol1em04_near1_full_pass1_rep1_d631fdcedf5b,sphere,24,3000,shared,0.0001,1,full,0,1,1,scaling;frequency_sweep_100_3000,10374,3458,3456,0.3312052109761133,0,True,6.3956575,6.3956575,,6.686474700000001,3.8224097,10.6105347,12.451194400000002,0.7972869873046875,10.59498753925165,0.20760346949100494,0.529992938041687,0.579781652472812,0,5855949,13935491,86306,0.2627027,108,2.3930430816446645e-09,0.9669275511956714,0.9679492225011292,-0.10555009309454097,25.214670294032395,25.241312522898603,-0.1055500930945607,408.33085040093135,0.0006681526601912991,0.5453342811598595,11.31174438687392,17,73508864,4594304,11.172711571675302,17,73121424,4570089,12.33160621761658,18,76282240,4767640,20.46277872574276,147.63828379390642,20.41624094024542,147.80581983135826,0.22794492695078655,-0.1675360374518391
sphere_n24_f300_shared_tol1em04_near1_full_pass1_rep1_293200d9626e,sphere,24,300,shared,0.0001,1,full,0,1,1,frequency_sweep_100_3000,10374,3458,3456,0.03312052109761132,0,True,3.9438128,3.9438128,,4.2209436,3.328654,7.6444058,8.93470069999998,0.6532669067382812,11.453757642502817,0.1786232590675354,0.4391968548297882,0.5963182016138892,0,4840412,11990662,86306,0.2491035,179,1.3748124000712125e-09,0.23131660262213122,0.23195374218901246,-0.274683892084853,6.03206709896763,6.048681853703213,-0.2746838920848667,199.79441471994838,0.0008501067497687968,0.09841571964250415,8.063039723661486,13,61706528,3856658,8.045768566493955,12,61746144,3859134,10.12607944732297,17,68342592,4271412,9.985425918480056,-177.0494988152419,9.994249484759207,-177.04171211022557,-0.08828643203881095,-0.007786705016314954
sphere_n24_f400_shared_tol1em04_near1_full_pass1_rep1_9913033416e0,sphere,24,400,shared,0.0001,1,full,0,1,1,frequency_sweep_100_3000,10374,3458,3456,0.0441606947968151,0,True,4.1794239,4.1794239,,4.4977179,3.3188774,7.9105679,9.171790500000014,0.6541786193847656,11.351617407495311,0.17795507609844208,0.4413447678089142,0.5927918223452369,0,4864436,11945821,86306,0.2911447,179,4.056360209046701e-10,0.348546946356184,0.3493385723350666,-0.22660709167933493,9.089094962177263,9.109738275142163,-0.22660709167934695,245.21311869261584,0.0007600505439831712,0.06626925393628386,8.08376511226252,13,61753184,3859574,8.033678756476684,12,61581984,3848874,9.966321243523316,17,67742640,4233915,12.255303052181414,-23.91321401431129,12.265147213269213,-23.89910137824225,-0.08026125505569441,-0.01411263606902935
sphere_n24_f500_shared_tol1em04_near1_full_pass1_rep1_8e2cbde183c0,sphere,24,500,shared,0.0001,1,full,0,1,1,frequency_sweep_100_3000,10374,3458,3456,0.05520086849601887,0,True,4.3085271,4.3085271,,4.5957957,3.3572672,8.0481884,9.171598499999988,0.6606979370117188,12.100799976765217,0.1782980114221573,0.4476986527442932,0.5876371426291699,0,4935503,11968835,86306,0.259369,179,1.1824775212260887e-10,0.45530330797080343,0.45619738812194427,-0.1959853726522977,11.8729917045697,11.896306725637803,-0.19598537265231702,280.24109142592005,0.0006861891208456286,0.049392166200193606,8.2279792746114,13,62341040,3896315,8.032815198618307,12,61550896,3846931,9.88341968911917,17,67554096,4222131,14.005784910026671,130.4065685190799,14.016058191842701,130.42837801982913,-0.07329651229622347,-0.02180950074921384
sphere_n24_f600_shared_tol1em04_near1_full_pass1_rep1_26e9446f4c59,sphere,24,600,shared,0.0001,1,full,0,1,1,frequency_sweep_100_3000,10374,3458,3456,0.06624104219522264,0,True,4.6243289,4.6243289,,4.9107627,3.3663047,8.3700466,9.611989499999993,0.6692008972167969,12.011765186093912,0.1804497390985489,0.4562206566333771,0.5846840253656435,0,5030820,12113235,86306,0.2586735,179,3.724647991858053e-11,0.5461504253724353,0.5471054790457368,-0.1745648160876248,14.242021431370658,14.266926465316196,-0.17456481608764196,306.91660002512384,0.0006284013922661395,0.038482122439511615,8.381692573402418,13,62877072,3929817,8.155440414507773,13,62090464,3880654,10.17357512953368,17,68788896,4299306,15.338733568864614,-74.23486325602822,15.349174615226115,-74.20441140495198,-0.06802350369474663,-0.03045185107623638
sphere_n24_f700_shared_tol1em04_near1_full_pass1_rep1_cb1ce726d8c1,sphere,24,700,shared,0.0001,1,full,0,1,1,frequency_sweep_100_3000,10374,3458,3456,0.07728121589442642,0,True,4.8004529,4.8004529,,5.0877785,1.9430518,7.1246321,8.345745099999988,0.6731033325195312,12.819189100000187,0.18136771023273468,0.4603669047355652,0.5829764155402795,0,5077195,12174839,86306,0.2583854,100,8.561812931705291e-08,0.6208343243054313,0.6218207839164788,-0.1586405016626115,16.189561229507255,16.215285239356994,-0.15864050166261012,327.22088526442036,0.0005816558039377867,0.029882886743584258,8.495682210708118,13,63283472,3955217,8.246113989637307,12,62536448,3908528,10.214162348877375,16,68922176,4307636,16.35320450165781,81.99136737740518,16.363722712694386,82.03084824304939,-0.06427761714891668,-0.03948086564420805
sphere_n24_f800_shared_tol1em04_near1_full_pass1_rep1_c08568c268dc,sphere,24,800,shared,0.0001,1,full,0,1,1,frequency_sweep_100_3000,10374,3458,3456,0.0883213895936302,0,True,5.0137774,5.0137774,,5.299565,1.8791734,7.2746805,8.557752399999998,0.6758689880371094,12.397463221943683,0.1822158396244049,0.46160420775413513,0.5837855169772844,0,5091034,12231756,86306,0.2569534,101,4.3579251537682976e-08,0.6812976443819801,0.6822966629297204,-0.14641996685877212,17.76626951414296,17.792321024690718,-0.14641996685877748,342.7791778729868,0.0005462595242369016,0.02182032354563407,8.639032815198618,14,63791776,3986986,8.310017271157168,12,62832064,3927004,10.279792746113989,17,69028928,4314308,17.13035189496555,-121.07518901543357,17.140998554201264,-121.0265556830782,-0.06211224627345235,-0.048633332355365155
sphere_n24_f900_shared_tol1em04_near1_full_pass1_rep1_e51b2c2404c5,sphere,24,900,shared,0.0001,1,full,0,1,1,frequency_sweep_100_3000,10374,3458,3456,0.09936156329283397,0,True,4.9680957,4.9680957,,5.253313400000001,1.8979389,7.2451103,8.570815599999946,0.6798439025878906,12.511850555401088,0.18326051533222198,0.4644303619861603,0.5835879492398834,0,5122644,12301863,86306,0.2569692,103,2.854395494309491e-08,0.7300379512086707,0.7310413902999876,-0.13726159758275536,19.03727556329863,19.06344234882089,-0.13726159758276263,354.8244751013578,0.0005218955879437915,0.013576398280616206,8.738341968911918,12,64146048,4009128,8.450777202072539,12,63323072,3957692,10.375647668393782,17,69305360,4331585,17.73180857664296,36.42927856452604,17.742731401406214,36.48701971092744,-0.06156225056977469,-0.057741146401411925
sphere_n28_f1000_independent_tol1em04_near1_full_pass1_rep1_1f305920546b,sphere,28,1000,independent,0.0001,1,full,0,1,1,frequency_anchor,14118,4706,4704,0.09464322587325558,0,True,16.106694,16.106694,,16.5678197,3.4399777,20.1475832,21.705886600000042,0.880950927734375,13.572172736685127,0.2569165825843811,0.5379970073699951,0.03776700406109537,0,16594753,17246086,117506,0.4226034,101,5.017660173202034e-08,0.7696486145100371,0.7704110399167812,-0.09896345810756425,20.070206948942644,20.0900887955516,-0.09896345810755831,364.25814477031844,0.00039099436654329125,0.004502672461622475,8.405631659056317,13,88900416,5556276,8.195205479452055,14,87843728,5490233,10.08904109589041,18,99117936,6194871,18.20566296528614,-165.58883288246915,18.214226944750717,-165.53890567598393,-0.04701807817895822,-0.049927206485222086
sphere_n28_f1000_joint_tol1em04_near1_full_pass1_rep1_7a06fd8ef38f,sphere,28,1000,joint,0.0001,1,full,0,1,1,frequency_anchor,14118,4706,4704,0.09464322587325558,0,True,5.4134716,5.4134716,,5.8111782000000005,3.7212697,9.6661156,11.706883300000015,0.9130477905273438,11.196543861746685,0.28122831881046295,0.5457046031951904,0.046062718910134685,0,6005681,6295677,117506,0.3575033,101,2.1900520205759392e-08,0.7696501842283017,0.7704110399167812,-0.09875970735851436,20.07024788264905,20.0900887955516,-0.09875970735851254,364.2588282927747,0.00038937894053264196,0.004437329979411104,10.262557077625571,17,100655536,6290971,10.262557077625571,17,100655536,0,10.262557077625571,17,100655536,0,18.20568099802438,-165.58882897457016,18.214226944750717,-165.53890567598393,-0.04691907459075091,-0.04992329858623634
sphere_n28_f1000_shared_tol1em04_near1_full_pass1_rep1_2e043f1179ca,sphere,28,1000,shared,0.0001,1,full,0,1,1,frequency_anchor,14118,4706,4704,0.09464322587325558,0,True,7.7780041,7.7780041,,8.1573228,3.6955438,11.9856649,14.457734600000038,1.0100212097167969,11.36525566927338,0.2569165825843811,0.6947580873966217,0.5550981248730872,0,7672816,17246086,117506,0.3404817,101,5.017660174239094e-08,0.7696486145100399,0.7704110399167812,-0.09896345810720399,20.070206948942715,20.0900887955516,-0.09896345810720464,364.2581447703191,0.00039099436654150334,0.004502672461622458,8.405631659056317,13,88900416,5556276,8.195205479452055,14,87843728,5490233,10.08904109589041,18,99117936,6194871,18.205662965286184,-165.58883288246912,18.214226944750717,-165.53890567598393,-0.047018078178724165,-0.049927206485193665
sphere_n28_f2000_independent_tol1em04_near1_full_pass1_rep1_912385aafe1d,sphere,28,2000,independent,0.0001,1,full,0,1,1,frequency_anchor,14118,4706,4704,0.18928645174651115,0,True,18.2733383,18.2733383,,18.6833869,3.8650394,22.6922406,24.367802799999993,0.9185218811035156,13.446490411384177,0.2742357701063156,0.56117844581604,0.04120900089019351,0,17649767,18408357,117506,0.3689253,107,4.293849131171547e-09,0.9298195812428831,0.9306636072483688,-0.09069077150026272,24.247001903074928,24.269011656982133,-0.09069077150026243,400.3417234537725,0.0005348154334425918,-0.060161670364999725,9.16095890410959,15,95569776,5973111,9.048325722983257,14,95133360,5945835,10.640030441400304,17,103755280,6484705,20.005843789549825,-13.120743951582092,20.01916045441181,-13.071157745242935,-0.06651959702461376,-0.04958620633914279
sphere_n28_f2000_joint_tol1em04_near1_full_pass1_rep1_107b7fb6ceff,sphere,28,2000,joint,0.0001,1,full,0,1,1,frequency_anchor,14118,4706,4704,0.18928645174651115,0,True,5.7317684,5.7317684,,6.1551829,4.1389231,10.4986878,12.702138999999988,0.9497489929199219,11.616383118725093,0.2955694645643234,0.5710544288158417,0.04946268281804699,0,6289214,6616483,117506,0.3798912,107,1.75454284123298e-09,0.9298218670317054,0.9306636072483688,-0.09044516301138136,24.247061509827727,24.269011656982133,-0.09044516301137195,400.3421746459272,0.000534028557738685,-0.06093160108845332,10.912100456621005,19,105788432,6611777,10.912100456621005,19,105788432,0,10.912100456621005,19,105788432,0,20.00590847018961,-13.120967883638333,20.01916045441181,-13.071157745242935,-0.06619650335676544,-0.04981013839540083
sphere_n28_f2000_shared_tol1em04_near1_full_pass1_rep1_d947a5dcb495,sphere,28,2000,shared,0.0001,1,full,0,1,1,frequency_anchor,14118,4706,4704,0.18928645174651115,0,True,8.2683729,8.2683729,,8.7158696,4.0564424,12.9047616,15.42445280000004,1.0701942443847656,11.845983749848106,0.2742357701063156,0.745470255613327,0.5523760213907194,0,8240022,18408357,117506,0.4085581,107,4.29384920695122e-09,0.9298195812428856,0.9306636072483688,-0.09069077150000028,24.24700190307499,24.269011656982133,-0.09069077149999893,400.3417234537734,0.0005348154334421573,-0.060161670364310915,9.16095890410959,15,95569776,5973111,9.048325722983257,14,95133360,5945835,10.640030441400304,17,103755280,6484705,20.00584378954992,-13.120743951581888,20.01916045441181,-13.071157745242935,-0.0665195970241346,-0.04958620633894384
sphere_n28_f3000_independent_tol1em03_near1_full_pass1_rep1_a6ec2013e589,sphere,28,3000,independent,0.001,1,full,0,1,1,aca_tolerance,14118,4706,4704,0.28392967761976673,0,True,16.4946871,16.4946871,,16.8761661,2.6106216,19.6122626,21.107337599999937,0.8389053344726562,13.976851055009456,0.24398238956928253,0.49648517370224,0.030325580759218096,0,15881412,16378087,117506,0.3430794,112,5.988304581868484e-08,0.9671854953846353,0.9679492225011325,-0.078901568258277,25.22139673147179,25.24131252290133,-0.07890156825828233,408.3261104528043,0.0008196948862035791,0.3953526681410782,7.525494672754947,14,86026256,5376641,7.369482496194825,14,85629632,5351852,8.353500761035008,13,90318208,5644888,20.45283397827467,147.68612451128226,20.416240940246528,147.805819831374,0.1792349440587012,-0.11969532009175055
sphere_n28_f3000_independent_tol1em04_near1_full_pass1_rep1_8956452311b1,sphere,28,3000,independent,0.0001,1,full,0,1,1,scaling;geometry;frequency_anchor;aca_tolerance,14118,4706,4704,0.28392967761976673,0,True,19.7799008,19.7799008,,20.1769016,4.6587448,24.9880419,26.900489800000003,0.9586029052734375,12.916192516922122,0.2919210344552994,0.588213324546814,0.04507099827279085,0,18712020,19595195,117506,0.3587204,110,4.831612278293329e-09,0.967164407242712,0.9679492225011325,-0.08108020959947905,25.2208468138021,25.24131252290133,-0.08108020959948962,408.31508760075116,0.0004988715089613004,0.3977399979731855,9.94558599695586,18,102421216,6401326,9.835616438356164,17,101802144,6362634,11.298325722983257,18,109224464,6826529,20.44994099244113,147.68082856978512,20.416240940246528,147.805819831374,0.16506492205512188,-0.12499126158888885
sphere_n28_f3000_independent_tol1em04_near1_full_pass1_rep2_bb69baaa1fc8,sphere,28,3000,independent,0.0001,1,full,0,1,2,timing_repeat,14118,4706,4704,0.28392967761976673,0,True,20.062385,20.062385,,20.5115738,4.3250803,24.9674967,27.073018700000034,0.9596977233886719,12.993131084007926,0.2919210344552994,0.588213324546814,0.04507099827279085,0,18712020,19595195,117506,0.4103867,110,4.8316122774581805e-09,0.9671644072427142,0.9679492225011325,-0.08108020959924965,25.22084681380216,25.24131252290133,-0.08108020959925034,408.31508760075184,0.0004988715089604493,0.39773999797328313,9.94558599695586,18,102421216,6401326,9.835616438356164,17,101802144,6362634,11.298325722983257,18,109224464,6826529,20.449940992441174,147.68082856978512,20.416240940246528,147.805819831374,0.1650649220553307,-0.12499126158888885
sphere_n28_f3000_independent_tol1em04_near1_full_pass1_rep3_ff550018fa04,sphere,28,3000,independent,0.0001,1,full,0,1,3,timing_repeat,14118,4706,4704,0.28392967761976673,0,True,20.0935967,20.0935967,,20.4977141,4.3452639,25.0235354,27.066739299999995,0.95916748046875,13.050066147036766,0.2919210344552994,0.588213324546814,0.04507099827279085,0,18712020,19595195,117506,0.3610043,110,4.83161190239076e-09,0.9671644072427171,0.9679492225011325,-0.08108020959895143,25.220846813802236,25.24131252290133,-0.08108020959895477,408.3150876007533,0.0004988715089607389,0.3977399979730425,9.94558599695586,18,102421216,6401326,9.835616438356164,17,101802144,6362634,11.298325722983257,18,109224464,6826529,20.449940992441164,147.68082856978535,20.416240940246528,147.805819831374,0.16506492205527848,-0.12499126158866147
sphere_n28_f3000_independent_tol1em05_near1_full_pass1_rep1_e2249c08cce0,sphere,28,3000,independent,1e-05,1,full,0,1,1,aca_tolerance,14118,4706,4704,0.28392967761976673,0,True,23.1814051,23.1814051,,23.567062,3.2514363,26.9450494,28.800289199999952,1.0922164916992188,14.19527774838808,0.3454735726118088,0.6823803186416626,0.06280896530416186,0,21742847,23200016,117506,0.3478548,109,2.6022786495486375e-09,0.9671646250787008,0.9679492225011325,-0.08105770470110846,25.220852494333833,25.24131252290133,-0.08105770470111337,408.3150142699614,0.0004961683732420308,0.39774645109130663,12.803272450532724,21,121183360,7573960,12.60578386605784,22,120196400,7512275,14.466030534351145,24,129569664,8109075,20.4497482194189,147.68107787541695,20.416240940246528,147.805819831374,0.16412070797185596,-0.12474195595706306
sphere_n28_f3000_joint_tol1em03_near1_full_pass1_rep1_7cc3c0efebb4,sphere,28,3000,joint,0.001,1,full,0,1,1,aca_tolerance,14118,4706,4704,0.28392967761976673,0,True,5.4647071,5.4647071,,5.8939758,2.8192233,8.8418443,10.706253199999992,0.8606147766113281,11.97767695417483,0.2592679113149643,0.5088216364383698,0.036399605749469675,0,5593152,5804431,117506,0.3913818,112,3.1841965584979066e-08,0.9671683627880997,0.9679492225011325,-0.08067155744131536,25.220949962970476,25.24131252290133,-0.08067155744132178,408.3176507293194,0.0005481929514345767,0.3972554920137129,8.724124809741248,16,92795600,5799725,8.724124809741248,16,92795600,0,8.724124809741248,16,92795600,0,20.45053284308569,147.67825481062093,20.416240940246528,147.805819831374,0.167963842803019,-0.12756502075308163
sphere_n28_f3000_joint_tol1em04_near1_full_pass1_rep1_2c9d2c30ba9b,sphere,28,3000,joint,0.0001,1,full,0,1,1,scaling;geometry;frequency_anchor;aca_tolerance,14118,4706,4704,0.28392967761976673,0,True,6.2354555,6.2354555,,6.7509022,4.6404409,11.5229325,13.851067200000003,0.989471435546875,10.942068040345651,0.311772421002388,0.5993773937225342,0.05343736445822623,0,6606001,6978937,117506,0.4775844,109,3.3757684647052324e-09,0.9671645257070803,0.9679492225011325,-0.08106797090290684,25.220849903009753,25.24131252290133,-0.08106797090291017,408.31497555170114,0.0004965817428789773,0.39779216191402295,11.665144596651446,20,111587696,6974231,11.665144596651446,20,111587696,0,11.665144596651446,20,111587696,0,20.449646460612136,147.68117570051743,20.416240940246528,147.805819831374,0.16362228709672122,-0.12464413085658066
sphere_n28_f3000_joint_tol1em04_near1_full_pass1_rep2_513e41fa65df,sphere,28,3000,joint,0.0001,1,full,0,1,2,timing_repeat,14118,4706,4704,0.28392967761976673,0,True,6.4636865,6.4636865,,6.9160645,4.29628,11.3864486,13.804187999999954,0.9885940551757812,11.271694684345155,0.311772421002388,0.5993773937225342,0.05343736445822623,0,6606001,6978937,117506,0.4069149,109,3.375768548863524e-09,0.9671645257070879,0.9679492225011325,-0.08106797090212689,25.22084990300995,25.24131252290133,-0.08106797090213604,408.3149755517043,0.0004965817428756714,0.3977921619149073,11.665144596651446,20,111587696,6974231,11.665144596651446,20,111587696,0,11.665144596651446,20,111587696,0,20.449646460612275,147.68117570051746,20.416240940246528,147.805819831374,0.16362228709739987,-0.12464413085655224
sphere_n28_f3000_joint_tol1em04_near1_full_pass1_rep3_75a647dac4e2,sphere,28,3000,joint,0.0001,1,full,0,1,3,timing_repeat,14118,4706,4704,0.28392967761976673,0,True,6.7077294,6.7077294,,7.1648051,7.2330176,14.527073,17.238787499999944,0.9911079406738281,8.734063168154941,0.311772421002388,0.5993773937225342,0.05343736445822623,0,6606001,6978937,117506,0.416129,109,3.3757684788749017e-09,0.9671645257070828,0.9679492225011325,-0.0810679709026545,25.220849903009817,25.24131252290133,-0.08106797090265681,408.3149755517017,0.000496581742876704,0.39779216191464173,11.665144596651446,20,111587696,6974231,11.665144596651446,20,111587696,0,11.665144596651446,20,111587696,0,20.44964646061219,147.6811757005173,20.416240940246528,147.805819831374,0.16362228709698223,-0.12464413085672277
sphere_n28_f3000_joint_tol1em05_near1_full_pass1_rep1_ef3068e0de44,sphere,28,3000,joint,1e-05,1,full,0,1,1,aca_tolerance,14118,4706,4704,0.28392967761976673,0,True,8.0109441,8.0109441,,8.4102936,4.6834526,13.2345685,15.711437499999988,1.1249275207519531,10.876890079065056,0.36918148398399353,0.6943179368972778,0.07545158273250312,0,7667893,8293663,117506,0.3606166,108,3.6042589466419935e-09,0.967164761378608,0.9679492225011325,-0.0810436233935388,25.220856048640684,25.24131252290133,-0.08104362339354511,408.3150882047523,0.0004958486360619768,0.3977194996300317,14.842287029930928,24,132135200,8288957,14.842287029930928,24,132135200,0,14.842287029930928,24,132135200,0,20.449749674480593,147.68100418737444,20.416240940246528,147.805819831374,0.16412783495324657,-0.12481564399956824
sphere_n28_f3000_shared_tol1em03_near1_full_pass1_rep1_74eb4b0d15ce,sphere,28,3000,shared,0.001,1,full,0,1,1,aca_tolerance,14118,4706,4704,0.28392967761976673,0,True,7.4626876,7.4626876,,7.8747365,2.5898578,10.5930217,12.4318068,0.9663658142089844,13.064448260425026,0.24398238956928253,0.6585983335971832,0.5562133721722201,0,7268376,16378087,117506,0.3740886,112,5.988304591324296e-08,0.9671854953846408,0.9679492225011325,-0.07890156825770352,25.221396731471934,25.24131252290133,-0.07890156825770527,408.3261104528061,0.0008196948862027617,0.395352668141259,7.525494672754947,14,86026256,5376641,7.369482496194825,14,85629632,5351852,8.353500761035008,13,90318208,5644888,20.45283397827475,147.68612451128226,20.416240940246528,147.805819831374,0.17923494405910143,-0.11969532009175055
sphere_n28_f3000_shared_tol1em04_near0_full_pass1_rep1_c1c140bcdb44,sphere,28,3000,shared,0.0001,0,full,0,1,1,near_field,14118,4706,4704,0.28392967761976673,0,True,8.7429156,8.7429156,,9.090475099999999,2.8564253,12.0508904,14.399044700000001,1.1252708435058594,13.558998110749657,0.2919210344552994,0.7931331992149353,0.5490852221679856,0,8835763,19595195,42338,0.3085411,110,4.7356734785536075e-09,0.9706063296784849,0.9679492225011325,0.27450894278179444,25.310602183052197,25.24131252290133,0.274508942781794,409.7675903495224,0.0036676489000697582,0.464413082655115,9.94558599695586,18,102421216,6401326,9.835616438356164,17,101802144,6362634,11.298325722983257,18,109224464,6826529,20.493112503924557,147.80251356069508,20.416240940246528,147.805819831374,0.3765216324739408,-0.0033062706789337426
sphere_n28_f3000_shared_tol1em04_near1_full_pass1_rep1_b660914a395b,sphere,28,3000,shared,0.0001,1,full,0,1,1,scaling;geometry;frequency_anchor;aca_tolerance;near_field,14118,4706,4704,0.28392967761976673,0,True,8.8223174,8.8223174,,9.2397186,4.1967741,13.6822975,16.468627100000006,1.1349525451660156,11.810711624012677,0.2919210344552994,0.798733651638031,0.5490852221679856,0,8835763,19595195,117506,0.3708164,110,4.831612334961967e-09,0.9671644072427115,0.9679492225011325,-0.0810802095995364,25.220846813802087,25.24131252290133,-0.08108020959954593,408.3150876007503,0.0004988715089613505,0.3977399979731575,9.94558599695586,18,102421216,6401326,9.835616438356164,17,101802144,6362634,11.298325722983257,18,109224464,6826529,20.449940992441118,147.68082856978504,20.416240940246528,147.805819831374,0.16506492205505227,-0.12499126158897411
sphere_n28_f3000_shared_tol1em04_near1_full_pass1_rep2_3568dd3d5501,sphere,28,3000,shared,0.0001,1,full,0,1,2,timing_repeat,14118,4706,4704,0.28392967761976673,0,True,10.4428071,10.4428071,,10.9632759,4.2605144,15.3669411,17.722385499999973,1.13238525390625,10.774250992153421,0.2919210344552994,0.798733651638031,0.5490852221679856,0,8835763,19595195,117506,0.474613,110,4.831611725813438e-09,0.9671644072427162,0.9679492225011325,-0.08108020959904319,25.22084681380221,25.24131252290133,-0.0810802095990533,408.3150876007532,0.0004988715089613671,0.3977399979729443,9.94558599695586,18,102421216,6401326,9.835616438356164,17,101802144,6362634,11.298325722983257,18,109224464,6826529,20.44994099244112,147.68082856978538,20.416240940246528,147.805819831374,0.16506492205506967,-0.12499126158863305
sphere_n28_f3000_shared_tol1em04_near1_full_pass1_rep3_8e73a34529de,sphere,28,3000,shared,0.0001,1,full,0,1,3,timing_repeat,14118,4706,4704,0.28392967761976673,0,True,9.0813843,9.0813843,,9.468841099999999,2.8639359,12.4604515,14.859392299999968,1.1331787109375,13.059747196929568,0.2919210344552994,0.798733651638031,0.5490852221679856,0,8835763,19595195,117506,0.3479458,110,4.831612088799926e-09,0.9671644072427122,0.9679492225011325,-0.08108020959945611,25.22084681380211,25.24131252290133,-0.08108020959946148,408.3150876007514,0.0004988715089617376,0.3977399979729741,9.94558599695586,18,102421216,6401326,9.835616438356164,17,101802144,6362634,11.298325722983257,18,109224464,6826529,20.44994099244111,147.68082856978523,20.416240940246528,147.805819831374,0.16506492205501747,-0.12499126158877516
sphere_n28_f3000_shared_tol1em04_near1_full_pass2_rep1_4187e3e6cfe9,sphere,28,3000,shared,0.0001,1,full,0,2,1,cold_hot_cache,14118,4706,4704,0.28392967761976673,0,True,2.0610319,9.1409194,2.0610319,2.4497774000000003,2.9759113,14.9654053,17.403515999999996,1.1369438171386719,13.234422347932474,0.2919210344552994,0.798733651638031,0.7745155348060276,0,8835763,39185684,117506,0.3507179,110,4.831612407711739e-09,0.9671644072427142,0.9679492225011325,-0.08108020959924965,25.22084681380216,25.24131252290133,-0.08108020959925034,408.3150876007516,0.0004988715089595907,0.3977399979735085,9.94558599695586,18,102421216,6401326,9.835616438356164,17,101802144,6362634,11.298325722983257,18,109224464,6826529,20.449940992441213,147.680828569785,20.416240940246528,147.805819831374,0.16506492205552212,-0.12499126158900253
sphere_n28_f3000_shared_tol1em04_near1_lru1000000_pass1_rep1_eaa30038bed3,sphere,28,3000,shared,0.0001,1,lru,1000000,1,1,cache_capacity,14118,4706,4704,0.28392967761976673,0,True,18.5133311,18.5133311,,18.9296588,2.8731238,21.9311434,22.68318400000001,0.505157470703125,16.270613792525758,0.2919210344552994,0.12799325585365295,0.04489090310150014,17715305,18715549,19595195,117506,0.3294304,110,4.831611497161261e-09,0.9671644072427179,0.9679492225011325,-0.08108020959887115,25.220846813802257,25.24131252290133,-0.08108020959887033,408.31508760075377,0.0004988715089614276,0.3977399979726759,9.94558599695586,18,102421216,6401326,9.835616438356164,17,101802144,6362634,11.298325722983257,18,109224464,6826529,20.449940992441128,147.6808285697855,20.416240940246528,147.805819831374,0.16506492205510448,-0.12499126158851936
sphere_n28_f3000_shared_tol1em04_near1_lru1000000_pass2_rep1_37d2a9f4f34c,sphere,28,3000,shared,0.0001,1,lru,1000000,2,1,cold_hot_cache,14118,4706,4704,0.28392967761976673,0,True,18.2915443,18.2576198,18.2915443,18.712113600000002,2.8556134,40.0566941,40.78968800000001,0.5053749084472656,17.49497096882428,0.2919210344552994,0.12799325585365295,0.044866257789451885,36427325,37427569,39185684,117506,0.3408184,110,4.831612159954582e-09,0.9671644072427142,0.9679492225011325,-0.08108020959924965,25.22084681380216,25.24131252290133,-0.08108020959925034,408.31508760075207,0.0004988715089603085,0.3977399979733254,9.94558599695586,18,102421216,6401326,9.835616438356164,17,101802144,6362634,11.298325722983257,18,109224464,6826529,20.449940992441174,147.68082856978518,20.416240940246528,147.805819831374,0.1650649220553307,-0.124991261588832
sphere_n28_f3000_shared_tol1em04_near1_lru2000000_pass1_rep1_a502b5468244,sphere,28,3000,shared,0.0001,1,lru,2000000,1,1,cache_capacity,14118,4706,4704,0.28392967761976673,0,True,18.1896466,18.1896466,,18.6246923,2.8711758,21.6225248,22.70467330000001,0.6196365356445312,16.462624069820894,0.2919210344552994,0.24720099568367004,0.04493336249014108,16714486,18714717,19595195,117506,0.363124,110,4.831612620029627e-09,0.9671644072427115,0.9679492225011325,-0.0810802095995364,25.220846813802087,25.24131252290133,-0.08108020959954593,408.3150876007502,0.000498871508960526,0.39773999797338294,9.94558599695586,18,102421216,6401326,9.835616438356164,17,101802144,6362634,11.298325722983257,18,109224464,6826529,20.449940992441146,147.68082856978498,20.416240940246528,147.805819831374,0.1650649220551915,-0.12499126158903096
sphere_n28_f3000_shared_tol1em04_near1_lru250000_pass1_rep1_c9f5e8aaad6b,sphere,28,3000,shared,0.0001,1,lru,250000,1,1,cache_capacity,14118,4706,4704,0.28392967761976673,0,True,17.8683616,17.8683616,,18.2883446,2.8552613,21.2708123,21.697778899999996,0.423614501953125,16.711103514327917,0.2919210344552994,0.038564473390579224,0.04485431249854875,18466205,18716266,19595195,117506,0.3331417,110,4.831612205002857e-09,0.9671644072427139,0.9679492225011325,-0.08108020959928405,25.22084681380215,25.24131252290133,-0.08108020959929257,408.3150876007515,0.0004988715089607931,0.39773999797314247,9.94558599695586,18,102421216,6401326,9.835616438356164,17,101802144,6362634,11.298325722983257,18,109224464,6826529,20.44994099244116,147.68082856978518,20.416240940246528,147.805819831374,0.16506492205526108,-0.124991261588832
sphere_n28_f3000_shared_tol1em04_near2_full_pass1_rep1_5b62a8ff8e87,sphere,28,3000,shared,0.0001,2,full,0,1,1,near_field,14118,4706,4704,0.28392967761976673,0,True,8.7079507,8.7079507,,9.2916512,2.9019759,12.3569076,14.628101000000001,1.1434783935546875,13.188374287469026,0.2919210344552994,0.8071164488792419,0.5490852221679856,0,8835763,19595195,230018,0.5471327,110,4.834166022049335e-09,0.9671296627763375,0.9679492225011325,-0.08466970226777704,25.219940778739712,25.24131252290133,-0.08466970226777708,408.3004750206742,0.0004979610907816488,0.3971128520878518,9.94558599695586,18,102421216,6401326,9.835616438356164,17,101802144,6362634,11.298325722983257,18,109224464,6826529,20.449511140173833,147.67966577412255,20.416240940246528,147.805819831374,0.16295947929238683,-0.1261540572514548
sphere_n28_f3000_shared_tol1em05_near1_full_pass1_rep1_30607982f58d,sphere,28,3000,shared,1e-05,1,full,0,1,1,aca_tolerance,14118,4706,4704,0.28392967761976673,0,True,10.0956009,10.0956009,,10.5008415,3.1866586,13.815509,16.701839800000002,1.3078842163085938,13.581000692821874,0.3454735726118088,0.9423060417175293,0.5499316465988644,0,10441593,23200016,117506,0.3673105,109,2.6022786627230096e-09,0.9671646250786989,0.9679492225011325,-0.08105770470130344,25.220852494333784,25.24131252290133,-0.08105770470131042,408.31501426996067,0.0004961683732417934,0.39774645109163137,12.803272450532724,21,121183360,7573960,12.60578386605784,22,120196400,7512275,14.466030534351145,24,129569664,8109075,20.449748219418908,147.68107787541683,20.416240940246528,147.805819831374,0.16412070797189077,-0.12474195595717674
sphere_n33_f3000_independent_tol1em04_near1_full_pass1_rep1_7576ac183bd5,sphere,33,3000,independent,0.0001,1,full,0,1,1,scaling,19608,6536,6534,0.24093603756764415,0,True,30.7386745,30.7386745,,31.378650899999997,5.7706853,37.3573151,40.61689249999999,1.4412689208984375,13.757949568231979,0.4573061466217041,0.9330849647521973,0.029782512492249762,0,29781633,30695832,163256,0.5879656,112,3.080403241803277e-08,0.9673550234044693,0.967949222501135,-0.06138742434549516,25.225817531274643,25.24131252290345,-0.06138742434549011,408.30559846851816,0.00037328017373535675,0.2833902005151011,9.979805534779358,18,160529776,10033111,9.905385190725505,17,159931696,9995731,11.44128646222887,18,170567264,10660454,20.43973663472708,147.71448750370408,20.416240940247388,147.80581983138745,0.1150833522608659,-0.09133232768337507
sphere_n33_f3000_joint_tol1em04_near1_full_pass1_rep1_0d0b8d609812,sphere,33,3000,joint,0.0001,1,full,0,1,1,scaling,19608,6536,6534,0.24093603756764415,0,True,9.6672516,9.6672516,,10.318626,5.8625213,16.3624547,20.192938700000013,1.4868278503417969,11.734303036496614,0.48634234070777893,0.9505153000354767,0.0358762721813587,0,10495287,10885830,163256,0.5988838,112,2.914363279959713e-08,0.9673536584416357,0.967949222501135,-0.061528440299836534,25.2257819369969,25.24131252290345,-0.06152844029983723,408.3049887638551,0.00036836263522504797,0.2835377733556041,11.81488406881077,20,174068704,10879294,11.81488406881077,20,174068704,0,11.81488406881077,20,174068704,0,20.439761677781814,147.71467786659204,20.416240940247388,147.80581983138745,0.11520601467853248,-0.09114196479541192
sphere_n33_f3000_shared_tol1em04_near1_full_pass1_rep1_409b2ea69f64,sphere,33,3000,shared,0.0001,1,full,0,1,1,scaling,19608,6536,6534,0.24093603756764415,0,True,14.7738082,14.7738082,,15.335715899999999,5.946533,21.5610795,27.021787699999976,1.8110427856445312,11.645922271793276,0.4573061466217041,1.2769781351089478,0.5391324789632678,0,14146712,30695832,163256,0.504098,112,3.080403360797465e-08,0.9673550234044711,0.967949222501135,-0.06138742434531165,25.22581753127469,25.24131252290345,-0.06138742434530714,408.3055984685189,0.0003732801737359801,0.28339020051469216,9.979805534779358,18,160529776,10033111,9.905385190725505,17,159931696,9995731,11.44128646222887,18,170567264,10660454,20.439736634727062,147.71448750370428,20.416240940247388,147.80581983138745,0.11508335226077888,-0.09133232768317612
